{"cameraMode":{"drawMode":0,"name":"Shaded","section":"Shading Mode"},"sceneLighting":false,"audioPlay":false,"sceneViewState":{"m_AlwaysRefresh":false,"showFog":true,"showSkybox":false,"showFlares":true,"showImageEffects":true,"showParticleSystems":true,"showVisualEffectGraphs":true,"m_FxEnabled":true},"in2DMode":false,"pivot":{"x":-2.2885169982910158,"y":-0.5555839538574219,"z":4.9834160804748539},"rotation":{"x":0.12506508827209474,"y":-0.19189932942390443,"z":0.02464134991168976,"w":0.9731589555740356},"size":35.01011657714844,"orthographic":false}